group,function,value,throughput_num,throughput_type,sample_measured_value,unit,iteration_count
unpack ref map[1],rmps,,,,1070857.0,ns,18873
unpack ref map[1],rmps,,,,1942275.0,ns,37746
unpack ref map[1],rmps,,,,2911065.0,ns,56619
unpack ref map[1],rmps,,,,3883222.0,ns,75492
unpack ref map[1],rmps,,,,4851823.0,ns,94365
unpack ref map[1],rmps,,,,5829478.0,ns,113238
unpack ref map[1],rmps,,,,6803049.0,ns,132111
unpack ref map[1],rmps,,,,7764628.0,ns,150984
unpack ref map[1],rmps,,,,8737701.0,ns,169857
unpack ref map[1],rmps,,,,9707975.0,ns,188730
unpack ref map[1],rmps,,,,10679323.0,ns,207603
unpack ref map[1],rmps,,,,11773986.0,ns,226476
unpack ref map[1],rmps,,,,12624446.0,ns,245349
unpack ref map[1],rmps,,,,13596250.0,ns,264222
unpack ref map[1],rmps,,,,14565805.0,ns,283095
unpack ref map[1],rmps,,,,15521774.0,ns,301968
unpack ref map[1],rmps,,,,16504999.0,ns,320841
unpack ref map[1],rmps,,,,17473424.0,ns,339714
unpack ref map[1],rmps,,,,18446260.0,ns,358587
unpack ref map[1],rmps,,,,19419546.0,ns,377460
unpack ref map[1],rmps,,,,20386157.0,ns,396333
unpack ref map[1],rmps,,,,21365434.0,ns,415206
unpack ref map[1],rmps,,,,22331210.0,ns,434079
unpack ref map[1],rmps,,,,23314645.0,ns,452952
unpack ref map[1],rmps,,,,24268420.0,ns,471825
unpack ref map[1],rmps,,,,25242300.0,ns,490698
unpack ref map[1],rmps,,,,26213532.0,ns,509571
unpack ref map[1],rmps,,,,27182913.0,ns,528444
unpack ref map[1],rmps,,,,28256006.0,ns,547317
unpack ref map[1],rmps,,,,29532826.0,ns,566190
unpack ref map[1],rmps,,,,30101634.0,ns,585063
unpack ref map[1],rmps,,,,31076975.0,ns,603936
unpack ref map[1],rmps,,,,33708413.0,ns,622809
unpack ref map[1],rmps,,,,34186714.0,ns,641682
unpack ref map[1],rmps,,,,34233395.0,ns,660555
unpack ref map[1],rmps,,,,35385139.0,ns,679428
unpack ref map[1],rmps,,,,35910603.0,ns,698301
unpack ref map[1],rmps,,,,36874306.0,ns,717174
unpack ref map[1],rmps,,,,37860666.0,ns,736047
unpack ref map[1],rmps,,,,38839377.0,ns,754920
unpack ref map[1],rmps,,,,39809603.0,ns,773793
unpack ref map[1],rmps,,,,40763867.0,ns,792666
unpack ref map[1],rmps,,,,41841137.0,ns,811539
unpack ref map[1],rmps,,,,42704398.0,ns,830412
unpack ref map[1],rmps,,,,43643281.0,ns,849285
unpack ref map[1],rmps,,,,44632020.0,ns,868158
unpack ref map[1],rmps,,,,45616334.0,ns,887031
unpack ref map[1],rmps,,,,46595724.0,ns,905904
unpack ref map[1],rmps,,,,47877876.0,ns,924777
unpack ref map[1],rmps,,,,48560051.0,ns,943650
unpack ref map[1],rmps,,,,49673881.0,ns,962523
unpack ref map[1],rmps,,,,50494003.0,ns,981396
unpack ref map[1],rmps,,,,51445392.0,ns,1000269
unpack ref map[1],rmps,,,,52415115.0,ns,1019142
unpack ref map[1],rmps,,,,53376744.0,ns,1038015
unpack ref map[1],rmps,,,,54644883.0,ns,1056888
unpack ref map[1],rmps,,,,55330759.0,ns,1075761
unpack ref map[1],rmps,,,,56432191.0,ns,1094634
unpack ref map[1],rmps,,,,57275068.0,ns,1113507
unpack ref map[1],rmps,,,,58251985.0,ns,1132380
unpack ref map[1],rmps,,,,59417163.0,ns,1151253
unpack ref map[1],rmps,,,,60178076.0,ns,1170126
unpack ref map[1],rmps,,,,61406847.0,ns,1188999
unpack ref map[1],rmps,,,,62108380.0,ns,1207872
unpack ref map[1],rmps,,,,63241736.0,ns,1226745
unpack ref map[1],rmps,,,,64047767.0,ns,1245618
unpack ref map[1],rmps,,,,65173058.0,ns,1264491
unpack ref map[1],rmps,,,,66121105.0,ns,1283364
unpack ref map[1],rmps,,,,66980176.0,ns,1302237
unpack ref map[1],rmps,,,,68035172.0,ns,1321110
unpack ref map[1],rmps,,,,68882478.0,ns,1339983
unpack ref map[1],rmps,,,,70027552.0,ns,1358856
unpack ref map[1],rmps,,,,70772187.0,ns,1377729
unpack ref map[1],rmps,,,,71965640.0,ns,1396602
unpack ref map[1],rmps,,,,72881217.0,ns,1415475
unpack ref map[1],rmps,,,,73780440.0,ns,1434348
unpack ref map[1],rmps,,,,74846678.0,ns,1453221
unpack ref map[1],rmps,,,,75726625.0,ns,1472094
unpack ref map[1],rmps,,,,76698940.0,ns,1490967
unpack ref map[1],rmps,,,,77649345.0,ns,1509840
unpack ref map[1],rmps,,,,78621900.0,ns,1528713
unpack ref map[1],rmps,,,,79594457.0,ns,1547586
unpack ref map[1],rmps,,,,80583288.0,ns,1566459
unpack ref map[1],rmps,,,,81555205.0,ns,1585332
unpack ref map[1],rmps,,,,82525772.0,ns,1604205
unpack ref map[1],rmps,,,,86178796.0,ns,1623078
unpack ref map[1],rmps,,,,84836108.0,ns,1641951
unpack ref map[1],rmps,,,,85816139.0,ns,1660824
unpack ref map[1],rmps,,,,86395901.0,ns,1679697
unpack ref map[1],rmps,,,,87460685.0,ns,1698570
unpack ref map[1],rmps,,,,88324152.0,ns,1717443
unpack ref map[1],rmps,,,,89287807.0,ns,1736316
unpack ref map[1],rmps,,,,90273440.0,ns,1755189
unpack ref map[1],rmps,,,,91216906.0,ns,1774062
unpack ref map[1],rmps,,,,92282852.0,ns,1792935
unpack ref map[1],rmps,,,,93586685.0,ns,1811808
unpack ref map[1],rmps,,,,94396019.0,ns,1830681
unpack ref map[1],rmps,,,,95299181.0,ns,1849554
unpack ref map[1],rmps,,,,96137880.0,ns,1868427
unpack ref map[1],rmps,,,,97084187.0,ns,1887300
